[
  {
    "id": "lamp-led",
    "title": "Lampe LED sans fil rechargeable",
    "price": 29.9,
    "category": "Éclairage design",
    "image": "https://images.unsplash.com/photo-1511910849309-0f46f7fc0b9c",
    "description": "Lampe portable minimaliste, lumière chaude réglable, USB‑C, 12 h d’autonomie."
  },
  {
    "id": "miroir-rond",
    "title": "Miroir mural rond minimaliste",
    "price": 49.9,
    "category": "Déco murale",
    "image": "https://images.unsplash.com/photo-1616594039964-5d1b4a0a5a41",
    "description": "Miroir design bord affiné, fixation incluse, apporte luminosité et profondeur."
  },
  {
    "id": "etagere-bois",
    "title": "Étagère flottante en bois naturel",
    "price": 34.9,
    "category": "Rangement malin",
    "image": "https://images.unsplash.com/photo-1598300183697-885f33f59f83",
    "description": "Étagère élégante avec fixations invisibles, idéale pour plantes et objets déco."
  },
  {
    "id": "tapis-boheme",
    "title": "Tapis style bohème berbère",
    "price": 69.9,
    "category": "Textile & confort",
    "image": "https://images.unsplash.com/photo-1596079890701-4b4877eaa4c0",
    "description": "Tapis chaleureux, toucher doux, entretien facile, plusieurs tailles disponibles."
  },
  {
    "id": "coussin-lin",
    "title": "Coussin housse en lin lavé",
    "price": 19.9,
    "category": "Textile & confort",
    "image": "https://images.unsplash.com/photo-1519710164239-da123dc03ef4",
    "description": "Housse 40×40 cm, fermeture invisible, respirant et durable."
  },
  {
    "id": "guirlande-lumineuse",
    "title": "Guirlande lumineuse cosy",
    "price": 24.9,
    "category": "Éclairage design",
    "image": "https://images.unsplash.com/photo-1511914265872-ae2d64621c05",
    "description": "200 LED chaudes pour une ambiance chaleureuse. Adaptateur inclus."
  },
  {
    "id": "bougie-statue",
    "title": "Bougie déco en forme de statue",
    "price": 14.9,
    "category": "Décoration",
    "image": "https://images.unsplash.com/photo-1505577058444-a3dab90d4253",
    "description": "Cire végétale, mèche coton, véritable objet design."
  },
  {
    "id": "cadres-set3",
    "title": "Cadres minimalistes (set de 3)",
    "price": 39.9,
    "category": "Déco murale",
    "image": "https://images.unsplash.com/photo-1540573133985-87b6da6d54a9",
    "description": "Trio de cadres épurés, format A4, verre trempé, suspension incluse."
  },
  {
    "id": "support-plantes",
    "title": "Support mural pour plantes suspendues",
    "price": 22.9,
    "category": "Déco murale",
    "image": "https://images.unsplash.com/photo-1501004318641-b39e6451bec6",
    "description": "Structure acier peint, jusqu’à 5 kg, fixations fournies."
  },
  {
    "id": "plaid-scandi",
    "title": "Plaid polaire scandinave",
    "price": 44.9,
    "category": "Textile & confort",
    "image": "https://images.unsplash.com/photo-1518895949257-7621c3c786d7",
    "description": "Ultra doux et chaud, lavable en machine 30°C."
  }
]